{"cameraMode":{"drawMode":0,"name":"Shaded","section":"Shading Mode"},"sceneLighting":true,"audioPlay":false,"sceneViewState":{"m_AlwaysRefresh":false,"showFog":true,"showSkybox":true,"showFlares":true,"showImageEffects":true,"showParticleSystems":true,"showVisualEffectGraphs":true,"m_FxEnabled":true},"in2DMode":false,"pivot":{"x":-17.455570220947267,"y":-3.097353935241699,"z":-3.510655403137207},"rotation":{"x":0.31996917724609377,"y":-0.026404863223433496,"z":0.008950122632086277,"w":0.9470770955085754},"size":6.177789688110352,"orthographic":false}