{"cameraMode":{"drawMode":0,"name":"Shaded","section":"Shading Mode"},"sceneLighting":false,"audioPlay":false,"sceneViewState":{"m_AlwaysRefresh":false,"showFog":true,"showSkybox":false,"showFlares":true,"showImageEffects":true,"showParticleSystems":true,"showVisualEffectGraphs":true,"m_FxEnabled":true},"in2DMode":false,"pivot":{"x":-0.12108874320983887,"y":0.6743001937866211,"z":-0.13328325748443604},"rotation":{"x":-0.03288299962878227,"y":0.9010559320449829,"z":-0.06933462619781494,"w":-0.42696061730384829},"size":2.437730550765991,"orthographic":false}